0201011,1633
0201022,52
0201032,20
0201043,86
0201044,265
0201045,68
0201052,17
0201062,78
0202011,815
0202021,1638
0202033,146
0202034,396
0202035,50
0202041,304
0202052,64
0202062,60
0202073,75
0202074,148
0202075,48
0203011,1883
0203022,81
0203032,84
0203042,35
0203052,34
0203062,51
0204013,74
0204014,848
0204015,32
0204022,24
0204032,32
0204043,36
0204044,817
0204045,23
0205011,1195
0205023,68
0205024,640
0205025,37
0205032,34
0205042,56
0205052,40
0205062,44
0206011,118
0206021,285
0206031,141
0206041,88
0206052,74
0206062,80
0206072,115
0206082,100
0206092,48
0207011,1030
0207022,57
0207033,78
0207034,265
0207035,42
0207042,55
0208011,198
0208021,1064
0208031,288
0208041,584
0208051,362
0208063,55
0208064,920
0208065,27
0208072,67
0208083,69
0208084,269
0208085,27
0208092,37
0208103,38
0208104,175
0208105,26
0208112,82
0208123,64
0208124,160
0208125,53
0208133,51
0208134,2360
0208135,13
0208143,54
0208144,63
0208145,41
0209011,2488
0209022,41
0209032,49
0209042,77
0209052,61
0209062,79
0209073,72
0209074,361
0209075,41
0209082,35
0210011,1286
0210021,193
0210033,95
0210034,513
0210035,58
0210042,46
0210053,137
0210054,213
0210055,80
0210062,34
0210072,91
0211011,1759
0211022,57
0211032,36
0211043,60
0211044,408
0211045,29
0212013,143
0212014,982
0212015,51
0212023,47
0212024,247
0212025,34
0212033,72
0212034,526
0212035,38
0212043,45
0212044,258
0212045,27
0212053,49
0212054,239
0212055,32
0213012,46
0213022,45
0213033,55
0213034,830
0213035,30
0214011,1764
0214023,67
0214024,575
0214025,37
0214032,52
0214042,43
0214053,58
0214054,365
0214055,34
0214062,58
0214073,116
0214074,606
0214075,51
0214083,77
0214084,796
0214085,39
0215011,1209
0215022,54
0215033,139
0215034,917
0215035,51
0215042,65
0216013,57
0216014,864
0216015,23
0216022,52
0216032,45
0216043,165
0216044,945
0216045,37
0216053,77
0216054,985
0216055,22
0216062,58
0217012,53
0217022,43
0217032,42
0217043,128
0217044,1198
0217045,60
0217053,50
0217054,240
0217055,37
0218012,49
0218022,112
0218032,98
0218043,92
0218044,640
0218045,51
0218052,45
0219011,2584
0219021,744
0219032,60
0219043,152
0219044,1179
0219045,81
0219052,68
0219063,176
0219064,775
0219065,78
0219072,84
0219083,140
0219084,878
0219085,71
0220013,132
0220014,628
0220015,80
0220023,59
0220024,203
0220025,48
0220033,122
0220034,1255
0220035,59
0220042,103
0220052,50
0220063,50
0220064,679
0220065,29
0221011,561
0221021,274
0221031,375
0221042,74
0221053,137
0221054,385
0221055,49
0221063,87
0221064,384
0221065,40
0221072,49
0221082,68
0222013,170
0222014,726
0222015,47
0222022,33
0222033,67
0222034,663
0222035,32
0223012,211
0223022,165
0223032,56
0223043,147
0223044,816
0223045,113
0223052,148
0223062,45
0223073,94
0223074,216
0223075,57
0223083,245
0223084,566
0223085,184
0223092,95
0224013,71
0224014,530
0224015,40
0224022,38
0224032,83
0224042,48
0224053,146
0224054,1077
0224055,50
0224063,75
0224064,566
0224065,40
0224073,59
0224074,349
0224075,25
0225011,681
0225021,1877
0225033,166
0225034,285
0225035,73
0225043,82
0225044,581
0225045,32
0225052,64
0225063,24
0225064,321
0225065,16
0225072,62
0226011,111
0226021,1327
0226032,43
0226043,47
0226044,1269
0226045,33
0226052,43
0226062,48
0261011,717
0262011,1749
0264011,2192
0265011,1298
0401011,1668
0401021,690
0401031,187
0401042,91
0401052,53
0401062,46
0401072,95
0401082,84
0401092,46
0402011,1240
0402022,43
0402032,68
0402042,41
0402053,33
0402054,409
0402055,22
0402062,56
0402073,66
0402074,1113
0402075,39
0402082,54
0402092,49
0402102,36
0403012,190
0403022,67
0403032,92
0403043,59
0403044,393
0403045,34
0403052,70
0403062,151
0403072,57
0403083,96
0403084,836
0403085,7
0404011,1416
0404022,54
0404032,63
0404042,60
0404052,61
0404062,54
0404072,96
0405011,1655
0405022,40
0405032,45
0405043,81
0405044,922
0405045,53
0405052,47
0405062,52
0406012,79
0406022,52
0406033,57
0406034,660
0406035,35
0406043,51
0406044,1002
0406045,32
0406052,36
0406062,44
0407011,2356
0407022,35
0407033,80
0407034,769
0407035,43
0407042,69
0407053,141
0407054,908
0407055,52
0407063,72
0407064,1312
0407065,40
0407073,112
0407074,1625
0407075,49
0407082,39
0407092,68
0408011,1300
0408022,32
0408032,38
0408043,65
0408044,383
0408045,49
0408052,72
0408062,56
0408073,42
0408074,474
0408075,23
0408082,47
0408092,50
0409012,42
0409022,39
0409033,96
0409034,1400
0409035,52
0409043,62
0409044,1253
0409045,33
0410013,45
0410014,660
0410015,30
0410023,61
0410024,858
0410025,34
0410033,169
0410034,1666
0410035,77
0410042,47
0410053,75
0410054,1252
0410055,47
0411011,966
0411022,46
0411032,75
0411042,61
0411053,66
0411054,450
0411055,37
0411062,47
0411072,46
0412011,1460
0412022,61
0412032,34
0412042,57
0412052,48
0412062,42
0413013,42
0413014,640
0413015,28
0413023,69
0413024,1375
0413025,30
0413032,30
0413043,56
0413044,1369
0413045,32
0414012,46
0414022,64
0414032,45
0414042,51
0414052,49
0414063,95
0414064,1603
0414065,42
0414072,26
0414082,67
0414093,194
0414094,2147
0414095,51
0414102,57
0414112,32
0415011,1832
0415022,55
0415032,53
0415042,193
0415052,88
0415062,81
0415072,113
0415082,24
0415092,82
0416012,27
0416022,38
0416032,41
0416042,37
0416052,32
0416063,84
0416064,765
0416065,30
0417011,1571
0417022,37
0417032,48
0417042,40
0417052,43
0418011,741
0418022,32
0418032,43
0418043,75
0418044,648
0418045,47
0418052,79
0418063,49
0418064,1314
0418065,34
0418072,134
0418083,58
0418084,1158
0418085,39
0418092,34
0418102,66
0418113,48
0418114,596
0418115,39
0418123,63
0418124,1486
0418125,44
0418132,33
0419013,122
0419014,1976
0419015,63
0419022,38
0419033,68
0419034,1282
0419035,39
0419043,62
0419044,1557
0419045,36
0419052,38
0419063,95
0419064,1631
0419065,42
0461011,1955
0462011,1620
0463011,1716
0464011,1287
0601011,832
0601021,540
0601032,45
0601042,23
0601052,39
0601062,23
0601072,47
0601082,43
0601092,25
0601102,40
0601112,42
0601122,21
0601132,29
0601142,31
0601152,16
0601162,47
0601172,17
0601182,28
0601192,30
0602011,1238
0602022,60
0602032,51
0602042,35
0602053,56
0602054,307
0602055,45
0602062,60
0602073,53
0602074,495
0602075,35
0602082,49
0602092,28
0602102,37
0602112,48
0602123,58
0602124,309
0602125,32
0602132,27
0602142,37
0603011,303
0603022,27
0603032,68
0603042,33
0603052,24
0603062,43
0603072,30
0603082,48
0603092,40
0603102,28
0603113,44
0603114,107
0603115,38
0603122,34
0603132,34
0603142,22
0603153,59
0603154,312
0603155,43
0604011,522
0604022,25
0604032,39
0604042,38
0604052,29
0604062,45
0604072,37
0604082,49
0605012,46
0605022,40
0605032,31
0605042,57
0605053,88
0605054,788
0605055,24
0605063,45
0605064,185
0605065,38
0605072,46
0606011,436
0606022,64
0606032,35
0606042,58
0606052,56
0606062,32
0606072,36
0606092,34
0606102,42
0606112,40
0607011,1300
0607023,56
0607024,315
0607025,42
0607032,60
0607042,45
0607052,69
0607062,78
0607072,61
0607083,71
0607084,130
0607085,64
0607092,67
0607102,65
0608011,1555
0608022,48
0608032,46
0608042,41
0608052,58
0608063,62
0608064,193
0608065,36
0608072,75
0608082,42
0608092,64
0608103,43
0608104,70
0608105,34
0608112,42
0608122,65
0608132,29
0609013,98
0609014,273
0609015,61
0609022,56
0609033,79
0609034,720
0609035,48
0609042,88
0609052,186
0609062,62
0609072,127
0609082,153
0609092,34
0609102,111
0609112,142
0609122,75
0609132,74
0609142,175
0609152,38
0609162,38
0610012,53
0610022,46
0610033,308
0610034,983
0610035,79
0610042,77
0610052,62
0610062,70
0611011,824
0611021,271
0611032,56
0611042,65
0611052,59
0611062,51
0611072,60
0611082,45
0611092,52
0611102,63
0611112,38
0612012,60
0612023,46
0612024,247
0612025,40
0612032,58
0612042,44
0612053,88
0612054,550
0612055,48
0612063,166
0612064,588
0612065,73
0612072,56
0613012,21
0613022,35
0613032,32
0613043,98
0613044,1311
0613045,27
0613052,15
0613062,40
0613072,15
0614011,930
0614022,45
0614032,47
0614043,92
0614044,83
0614045,98
0614052,97
0614062,75
0614072,73
0614083,141
0614084,270
0614085,105
0614092,75
0614102,73
0614112,50
0615011,799
0615022,53
0615032,40
0615042,54
0615052,30
0615062,52
0615072,55
0615082,36
0616011,414
0616022,50
0616032,56
0616043,125
0616044,350
0616045,79
0616052,44
0616062,38
0617011,1905
0617022,106
0617033,62
0617034,300
0617035,49
0617042,34
0617052,105
0618011,1413
0618022,98
0618032,31
0618042,44
0618053,29
0618054,618
0618055,18
0618063,46
0618064,421
0618065,31
0618072,53
0618082,39
0618092,47
0618102,34
0618112,66
0618123,42
0618124,111
0618125,31
0618132,30
0619011,719
0619022,20
0619032,21
0619042,16
0619052,24
0619062,25
0619072,25
0619082,11
0620012,42
0620022,30
0620032,39
0620043,55
0620044,440
0620045,33
0620052,71
0620062,36
0620072,48
0620082,50
0620092,60
0620102,37
0620112,53
0620122,47
0620133,90
0620134,170
0620135,65
0620142,118
0620153,43
0620154,501
0620155,24
0661011,1153
0662011,1733
0663011,2296
0664011,2069
0801011,384
0801022,64
0801032,60
0801042,37
0801052,34
0801062,52
0801073,46
0801074,809
0801075,23
0802011,799
0802022,17
0802032,12
0802042,29
0802052,19
0802063,83
0802064,1369
0802065,32
0802072,13
0803012,17
0803023,78
0803024,1722
0803025,23
0803032,30
0803042,24
0803053,42
0803054,263
0803055,10
0803063,36
0803064,769
0803065,23
0804011,1752
0804023,103
0804024,1845
0804025,23
0804032,41
0804043,89
0804044,1572
0804045,38
0804052,40
0804063,69
0804064,828
0804065,35
0804073,77
0804074,209
0804075,65
0804082,39
0805013,23
0805014,523
0805015,14
0805022,29
0805033,32
0805034,486
0805035,13
0805043,51
0805044,568
0805045,18
0805053,109
0805054,865
0805055,21
0806013,18
0806014,530
0806015,10
0806023,43
0806024,931
0806025,18
0806032,52
0806043,53
0806044,1775
0806045,22
0806052,43
0807012,24
0807023,24
0807024,172
0807025,9
0807032,30
0807043,49
0807044,1169
0807045,18
0807053,18
0807054,277
0807055,12
0808012,29
0808022,25
0808032,28
0808042,34
0808053,132
0808054,1273
0808055,40
0808063,88
0808064,1396
0808065,36
0809013,67
0809014,1069
0809015,26
0809022,32
0809033,52
0809034,422
0809035,33
0809043,45
0809044,829
0809045,16
0809053,36
0809054,346
0809055,18
0809063,112
0809064,2412
0809065,43
0809072,42
0809082,41
0809092,47
0810011,124
0810021,626
0810032,30
0810043,44
0810044,419
0810045,20
0810053,65
0810054,518
0810055,23
0810062,32
0810073,88
0810074,1053
0810075,40
0810082,35
0810092,26
0811011,146
0811021,1106
0811032,14
0811043,55
0811044,880
0811045,23
0811052,38
0811063,100
0811064,1098
0811065,27
0811072,17
0811082,34
0811092,46
0811102,42
0812013,39
0812014,286
0812015,27
0812023,50
0812024,817
0812025,38
0812033,106
0812034,1483
0812035,38
0861011,1430
0862011,506
1001011,1629
1001022,66
1001032,46
1001042,51
1001052,37
1001062,50
1001072,64
1001083,89
1001084,694
1001085,47
1002011,1290
1002022,42
1002032,41
1002043,87
1002044,1019
1002045,44
1002052,41
1002062,72
1002072,44
1002082,47
1002092,37
1002102,43
1002113,152
1002114,918
1002115,54
1003012,55
1003023,189
1003024,1080
1003025,82
1003032,53
1003042,41
1003052,42
1004011,1540
1004022,47
1004032,48
1004042,38
1004052,57
1004063,44
1004064,323
1004065,33
1004072,42
1004082,53
1005011,1191
1005022,32
1005032,41
1005042,54
1005052,44
1005062,45
1005072,58
1005082,62
1005092,90
1005102,44
1006022,556
1006032,98
1006073,150
1006074,1291
1006075,73
1006082,96
1006103,160
1006104,202
1006105,146
1006113,96
1006114,311
1006115,49
1007012,50
1007023,88
1007024,791
1007025,58
1007032,38
1007043,177
1007044,769
1007045,80
1007052,53
1007062,22
1007072,59
1007082,41
1008011,673
1008021,1938
1008032,46
1008042,82
1008052,562
1008062,65
1008072,89
1009013,102
1009014,1163
1009015,57
1009022,45
1009032,34
1009043,101
1009044,329
1009045,52
1009052,57
1009062,47
1009072,58
1009082,53
1010012,30
1010022,58
1010032,83
1010042,48
1010052,31
1010062,116
1010072,39
1010082,75
1010093,87
1010094,233
1010095,63
1010102,70
1010113,52
1010114,152
1010115,41
1011012,34
1011022,27
1011033,68
1011034,1234
1011035,37
1011043,54
1011044,242
1011045,34
1011052,45
1011062,34
1012011,882
1012022,88
1012032,51
1012042,94
1012053,61
1012054,225
1012055,37
1012062,43
1012072,42
1012082,68
1012092,58
1012102,36
1012113,37
1012114,569
1012115,20
1012122,65
1012132,37
1012142,26
1013011,1202
1013023,54
1013024,329
1013025,41
1013032,43
1013042,54
1013052,39
1013062,45
1014011,808
1014023,71
1014024,1264
1014025,62
1014032,42
1014042,50
1014052,46
1014062,45
1014072,30
1014082,59
1014093,49
1014094,296
1014095,38
1014102,54
1014113,61
1014114,242
1014115,37
1015012,36
1015022,51
1015032,60
1015042,34
1015052,76
1015062,74
1015072,32
1015082,58
1015092,63
1016011,1485
1016022,56
1016032,72
1016042,39
1016052,39
1016062,54
1016072,68
1016082,42
1016092,75
1016102,79
1016112,36
1017012,73
1017022,64
1017032,45
1017042,69
1017052,47
1017062,44
1017072,57
1017082,59
1017093,238
1017094,1298
1017095,81
1017102,56
1018012,63
1018022,64
1018032,45
1018043,60
1018044,118
1018045,41
1018052,66
1018062,63
1018073,146
1018074,1415
1018075,63
1019011,1680
1019023,48
1019024,106
1019025,40
1019032,64
1019042,110
1020011,704
1020021,1237
1020031,1315
1020043,281
1020044,1574
1020045,107
1020052,46
1020062,74
1020072,50
1020083,80
1020084,421
1020085,62
1020092,74
1021011,573
1021022,55
1021032,44
1021042,52
1021052,70
1061011,2292
1062011,1075
1063011,1377
1201011,989
1201022,154
1201032,60
1201042,94
1201052,114
1201063,173
1201064,556
1201065,149
1201072,132
1201082,128
1201092,160
1202012,80
1202023,353
1202024,1406
1202025,215
1202033,148
1202034,165
1202035,143
1202042,181
1202052,146
1202062,138
1202072,70
1203013,168
1203014,376
1203015,140
1203022,168
1203033,583
1203034,943
1203035,248
1203043,388
1203044,470
1203045,250
1203053,319
1203054,611
1203055,192
1204012,72
1204023,182
1204024,513
1204025,100
1204032,68
1204042,77
1204052,102
1204062,85
1204073,110
1204074,606
1204075,79
1205011,1146
1205023,170
1205024,257
1205025,151
1205033,197
1205034,437
1205035,157
1205042,168
1205052,102
1205062,151
1205072,134
1205082,113
1205092,25
1205102,24
1206012,175
1206022,123
1206032,130
1206042,161
1206052,198
1206063,231
1206064,587
1206065,181
1206072,243
1206082,213
1206092,331
1206103,141
1206104,1264
1206105,95
1206113,438
1206114,1189
1206115,244
1206123,120
1206124,1252
1206125,85
1206132,109
1206143,506
1206144,550
1206145,494
1206152,273
1206162,272
1206172,488
1207011,806
1207021,291
1207032,91
1207042,121
1207052,83
1207062,113
1207072,169
1207082,145
1207092,104
1207102,99
1207112,120
1207122,202
1208012,94
1208022,67
1208032,53
1208042,36
1208053,131
1208054,742
1208055,60
1208062,42
1208072,45
1209013,231
1209014,495
1209015,167
1209022,134
1209033,290
1209034,606
1209035,212
1209042,125
1209052,106
1209062,285
1209073,249
1209074,404
1209075,191
1209082,129
1209092,111
1210011,353
1210022,259
1210032,105
1210042,167
1210052,161
1210062,136
1210073,114
1210074,264
1210075,58
1210082,51
1210092,125
1210102,132
1210113,82
1210114,194
1210115,58
1210122,175
1210133,83
1210134,151
1210135,54
1210142,207
1210152,90
1210163,236
1210164,601
1210165,172
1211011,651
1211023,81
1211024,172
1211025,27
1211032,104
1211042,123
1211052,88
1211062,118
1211072,89
1211082,74
1211092,116
1211102,60
1211112,166
1211123,246
1211124,349
1211125,132
1211132,144
1211142,205
1212011,154
1212032,190
1212042,125
1212053,320
1212054,1355
1212055,107
1212062,74
1212073,154
1212074,838
1212075,103
1213011,1252
1213023,463
1213024,583
1213025,377
1213033,470
1213034,1078
1213035,206
1213043,447
1213044,800
1213045,293
1213052,203
1213062,249
1213072,181
1213082,190
1213093,179
1213094,314
1213095,140
1214012,102
1214023,82
1214024,238
1214025,74
1214033,104
1214034,228
1214035,85
1214042,75
1214053,161
1214054,815
1214055,109
1214062,57
1215011,245
1215021,327
1215032,121
1215042,86
1215052,122
1215063,147
1215064,287
1215065,115
1215072,105
1215082,70
1215092,143
1216013,109
1216014,245
1216015,94
1216022,128
1216032,148
1216042,144
1216053,111
1216054,164
1216055,99
1216063,99
1216064,113
1216065,96
1216072,95
1216082,167
1216092,317
1216103,178
1216104,360
1216105,138
1216112,144
1216122,81
1216133,168
1216134,389
1216135,142
1216143,103
1216144,405
1216145,92
1216153,186
1216154,376
1216155,162
1216162,96
1217011,319
1217022,203
1217032,102
1217042,65
1217052,140
1218013,431
1218014,1920
1218015,260
1218022,158
1218033,266
1218034,813
1218035,223
1218042,154
1218052,111
1218062,201
1218072,149
1218082,198
1218093,333
1218094,1744
1218095,188
1218102,168
1219012,257
1219022,169
1219032,167
1219043,308
1219044,512
1219045,227
1219053,614
1219054,1806
1219055,429
1261011,2386
1262011,1451
1263011,1485
1401013,132
1401014,913
1401015,48
1401022,46
1401032,47
1401042,55
1401052,36
1401063,26
1401064,53
1401065,21
1402011,1339
1402022,51
1402033,50
1402034,404
1402035,33
1402042,34
1402052,37
1402062,36
1402072,43
1402082,45
1402092,50
1403011,795
1403021,313
1403032,65
1403042,98
1403052,72
1403062,62
1403072,39
1403082,57
1403092,65
1403103,142
1403104,685
1403105,91
1403112,86
1403122,48
1403132,44
1403143,94
1403144,321
1403145,57
1404011,567
1404022,44
1404032,38
1404043,63
1404044,164
1404045,49
1404052,38
1405011,1226
1405021,375
1405032,71
1405043,465
1405044,2460
1405045,186
1405052,229
1405062,88
1406012,60
1406022,55
1406032,73
1406042,51
1406053,213
1406054,1959
1406055,81
1406062,49
1406073,61
1406074,169
1406075,50
1406083,48
1406084,326
1406085,27
1406092,47
1406113,95
1406114,445
1406115,41
1407012,68
1407022,38
1407032,46
1407042,31
1407053,120
1407054,1615
1407055,53
1407062,48
1407072,62
1408011,3953
1408022,310
1408032,155
1408043,139
1408044,347
1408045,111
1408052,151
1409012,26
1409022,41
1409033,80
1409034,342
1409035,46
1409042,42
1409052,39
1409062,37
1410012,24
1410023,89
1410024,296
1410025,38
1410032,33
1410042,37
1410052,23
1410062,40
1411011,931
1411022,24
1411032,40
1411042,38
1411052,23
1411062,39
1411073,52
1411074,405
1411075,22
1411082,23
1411092,25
1411102,32
1412011,3104
1412042,63
1412052,137
1412062,48
1412073,261
1412074,1308
1412075,211
1412082,59
1412093,61
1412094,233
1412095,35
1412102,47
1412112,140
1412123,60
1412124,464
1412125,37
1412132,68
1412142,64
1412151,1033
1413011,895
1413022,20
1413032,42
1413042,33
1413052,35
1413062,41
1413072,37
1413082,37
1413092,33
1413102,52
1414011,1017
1414022,78
1414032,35
1414043,97
1414044,609
1414045,64
1414052,88
1414063,83
1414064,158
1414065,55
1415012,33
1415022,26
1415032,30
1415042,37
1415052,44
1415062,50
1415072,34
1415083,46
1415084,303
1415085,32
1415092,55
1415102,84
1415112,30
1416011,998
1416022,34
1416032,29
1416043,25
1416044,68
1416045,11
1416052,86
1416062,27
1416072,46
1416082,34
1416092,35
1416102,35
1416112,41
1417011,867
1417021,937
1417032,132
1417043,195
1417044,349
1417045,115
1417052,77
1417062,54
1417072,65
1417082,131
1418013,188
1418014,877
1418015,115
1418023,313
1418024,952
1418025,127
1418032,430
1418043,672
1418044,3001
1418045,335
1418052,131
1418063,101
1418064,793
1418065,68
1419012,72
1419022,60
1419032,52
1419042,47
1419053,54
1419054,292
1419055,37
1419063,75
1419064,146
1419065,58
1419072,57
1419082,54
1419092,27
1419102,82
1419112,46
1419122,108
1419132,108
1419142,52
1419153,58
1419154,198
1419155,36
1420011,1890
1420021,523
1420032,49
1420043,53
1420044,184
1420045,48
1420052,35
1420062,36
1420072,39
1420082,40
1420092,63
1420102,34
1420112,47
1420122,52
1421011,3916
1421021,3263
1421033,387
1421034,1355
1421035,222
1421042,529
1421052,195
1421062,500
1422011,678
1422023,27
1422024,177
1422025,20
1422032,31
1422042,30
1422052,35
1422062,18
1422072,39
1423012,49
1423022,56
1423032,39
1423042,37
1423052,51
1423063,64
1423064,822
1423065,34
1423072,51
1423082,51
1424012,36
1424022,34
1424032,42
1424043,184
1424044,836
1424045,48
1424052,50
1424062,36
1424072,40
1425011,973
1425022,116
1425033,57
1425034,293
1425035,41
1425042,78
1425052,105
1425062,196
1425072,164
1425082,43
1425092,54
1425103,87
1425104,157
1425105,73
1425112,102
1425122,107
1425132,138
1426012,56
1426022,24
1426032,56
1426042,41
1426053,34
1426054,377
1426055,24
1426062,31
1426072,27
1426082,132
1426092,66
1426102,46
1426112,46
1426122,38
1426132,48
1427011,957
1427022,47
1427032,41
1427042,36
1427052,47
1427062,38
1427072,35
1428011,1370
1428022,37
1428032,47
1428042,47
1428052,74
1428062,48
1428072,122
1428082,131
1429011,1074
1429022,32
1429032,19
1429042,29
1429053,29
1429054,179
1429055,20
1429062,30
1429072,33
1429082,44
1429092,29
1430012,47
1430022,95
1430032,73
1430042,73
1430053,134
1430054,528
1430055,60
1432013,253
1432014,1335
1432015,124
1432022,162
1432032,51
1432042,81
1432053,713
1432054,2033
1432055,349
1432063,367
1432064,1529
1432065,217
1432072,309
1433011,351
1433022,34
1433032,34
1433042,43
1433053,91
1433054,509
1433055,60
1433062,33
1433072,40
1433082,34
1433092,26
1434011,1280
1434021,1408
1434031,3511
1434041,220
1434052,75
1434062,64
1434072,118
1434082,60
1434093,215
1434094,569
1434095,137
1434102,25
1434113,195
1434114,1032
1434115,126
1434123,839
1434124,2137
1434125,335
1435012,49
1435022,46
1435032,42
1435042,48
1435053,240
1435054,1298
1435055,88
1435062,65
1436012,47
1436022,48
1436032,46
1436042,68
1436053,93
1436054,481
1436055,50
1437013,40
1437014,152
1437015,28
1437022,39
1437033,36
1437034,312
1437035,28
1437042,33
1437052,30
1437063,107
1437064,783
1437065,45
1438011,2756
1438023,75
1438024,735
1438025,36
1438032,61
1438042,80
1438052,66
1461011,1544
1462011,1343
1463011,1872
1464011,2442
1465011,3469
1465028,5021
1465038,1811
1465048,4046
1465058,6138
1465068,8438
1465078,8046
1465088,5555
1465098,1279
1465108,7151
1465118,5150
1465128,6667
1465138,3455
1465148,992
1465158,1130
1465168,1182
1465178,1549
1465188,7409
1465198,6246
1601011,2411
1601022,76
1601033,66
1601034,860
1601035,38
1601043,80
1601044,489
1601045,48
1601052,42
1601062,53
1602013,50
1602014,241
1602015,29
1602022,52
1602033,75
1602034,992
1602035,34
1602043,77
1602044,313
1602045,40
1603011,485
1603022,67
1603032,78
1603042,47
1603052,66
1603062,85
1604013,50
1604014,610
1604015,32
1604023,165
1604024,1883
1604025,61
1604032,32
1604043,55
1604044,775
1604045,32
1605013,126
1605014,332
1605015,73
1605023,230
1605024,760
1605025,84
1605032,63
1605042,78
1605053,270
1605054,911
1605055,95
1606012,31
1606023,90
1606024,735
1606025,36
1606032,39
1606042,30
1606052,43
1607013,139
1607014,1960
1607015,62
1607022,38
1607033,48
1607034,173
1607035,41
1607042,60
1607053,260
1607054,1576
1607055,70
1607063,71
1607064,131
1607065,50
1607073,155
1607074,1116
1607075,69
1607082,47
1607092,59
1608013,60
1608014,188
1608015,42
1608023,46
1608024,132
1608025,35
1608033,73
1608034,620
1608035,37
1608043,130
1608044,804
1608045,63
1608052,36
1608062,80
1608072,38
1609012,85
1609022,72
1609032,150
1609042,180
1609052,79
1609062,33
1609073,72
1609074,475
1609075,41
1609083,155
1609084,2609
1609085,90
1609092,45
1609103,77
1609104,158
1609105,64
1609112,118
1609123,64
1609124,436
1609125,16
1609132,58
1610013,54
1610014,162
1610015,45
1610023,77
1610024,252
1610025,51
1610032,52
1610043,219
1610044,1008
1610045,60
1611012,64
1611022,64
1611033,70
1611034,59
1611035,92
1611043,79
1611044,177
1611045,62
1611053,149
1611054,589
1611055,73
1611063,77
1611064,117
1611065,68
1611073,136
1611074,427
1611075,64
1661011,859
1801032,13
1801052,4
1801083,36
1801084,531
1801085,18
1802013,258
1802014,648
1802015,209
1802022,107
1802032,61
1802042,127
1802052,138
1802062,66
1803011,1336
1803023,106
1803024,314
1803025,90
1803032,89
1803042,188
1803052,89
1803063,110
1803064,309
1803065,89
1803072,129
1804011,1071
1804021,383
1804032,112
1804042,117
1804052,50
1804062,178
1804073,120
1804074,188
1804075,98
1804082,63
1804092,76
1804102,91
1804112,48
1805011,946
1805022,145
1805032,102
1805042,174
1805053,146
1805054,200
1805055,139
1805062,9
1805072,86
1805082,89
1805092,159
1805112,146
1806012,60
1806023,144
1806024,1118
1806025,97
1806032,63
1806042,64
1806052,72
1806062,53
1807012,174
1807023,62
1807024,373
1807025,54
1807033,237
1807034,296
1807035,228
1807043,262
1807044,534
1807045,202
1807052,120
1807062,343
1807072,267
1807083,95
1807084,305
1807085,78
1807092,112
1807102,13
1808011,660
1808022,101
1808032,40
1808042,102
1808053,150
1808054,627
1808055,117
1809011,460
1809023,32
1809024,128
1809025,25
1809032,23
1809042,45
1809053,39
1809054,164
1809055,31
1809063,41
1809064,580
1809065,23
1809072,26
1809082,26
1810011,910
1810022,156
1810032,152
1810042,207
1810052,94
1810062,111
1810072,124
1811011,1281
1811022,99
1811032,88
1811042,80
1811052,110
1811062,75
1811073,90
1811074,111
1811075,87
1811083,89
1811084,367
1811085,73
1811092,92
1811102,89
1812012,36
1812022,59
1812032,81
1812042,68
1812053,156
1812054,249
1812055,86
1812063,128
1812064,182
1812065,81
1812073,69
1812074,174
1812075,61
1813012,25
1813022,59
1813032,34
1813042,42
1813052,51
1813062,108
1813072,126
1813082,99
1813092,44
1813102,135
1814011,683
1814022,30
1814032,127
1814042,70
1814053,117
1814054,412
1814055,94
1814062,164
1814073,55
1814074,316
1814075,40
1814082,121
1814092,147
1815012,118
1815022,76
1815033,198
1815034,337
1815035,127
1815043,155
1815044,336
1815045,98
1815052,87
1816011,247
1816023,96
1816024,508
1816025,80
1816033,235
1816034,674
1816035,185
1816042,132
1816052,57
1816063,139
1816064,416
1816065,92
1816072,137
1816082,93
1816092,302
1816102,117
1816113,129
1816114,271
1816115,110
1816122,151
1816132,251
1816143,198
1816144,412
1816145,152
1817011,972
1817022,163
1817032,40
1817042,12
1817052,78
1817062,29
1817073,82
1817074,228
1817075,58
1817082,88
1818011,723
1818022,42
1818032,77
1818042,55
1818053,42
1818054,259
1818055,29
1818062,126
1819012,139
1819022,114
1819032,101
1819043,146
1819044,632
1819045,93
1819052,96
1820013,97
1820014,156
1820015,92
1820022,189
1820032,53
1820043,125
1820044,659
1820045,54
1821012,20
1821022,6
1821033,101
1821034,353
1821035,61
1821042,52
1821052,29
1861011,1056
1862011,1295
1863011,1553
1864011,543
2001011,370
2001022,25
2001032,29
2001043,27
2001044,452
2001045,15
2001052,14
2001062,7
2001072,14
2002013,96
2002014,353
2002015,67
2002023,54
2002024,644
2002025,10
2002032,60
2002042,12
2002052,99
2002063,170
2002064,1270
2002065,54
2002073,16
2002074,1387
2002075,8
2002082,29
2002093,85
2002094,805
2002095,62
2002103,25
2002104,29
2002105,22
2002112,47
2002123,30
2002124,68
2002125,24
2002133,142
2002134,418
2002135,63
2002143,28
2002144,174
2002145,21
2002152,24
2003011,927
2003021,114
2003032,15
2003042,18
2003052,24
2003062,16
2003072,26
2003082,21
2004011,1146
2004022,19
2004032,23
2004043,25
2004044,44
2004045,21
2004053,52
2004054,253
2004055,26
2004062,30
2005011,952
2005022,10
2005032,32
2005042,14
2005052,9
2005062,13
2005073,17
2005074,26
2005075,12
2005082,14
2005092,10
2006011,405
2006022,26
2006032,30
2006042,34
2006053,37
2006054,163
2006055,26
2006062,26
2007013,33
2007014,354
2007015,23
2007022,54
2007032,37
2007043,39
2007044,105
2007045,23
2007052,49
2007062,29
2007072,32
2007082,30
2007092,22
2008013,13
2008014,425
2008015,8
2008022,28
2008032,27
2008043,37
2008044,115
2008045,19
2008052,35
2008063,92
2008064,1297
2008065,32
2008072,13
2009011,1149
2009022,8
2009032,22
2009042,30
2009052,18
2010011,392
2010023,30
2010024,123
2010025,22
2010032,23
2010042,20
2010052,12
2010062,11
2010072,17
2010082,26
2010092,27
2011013,42
2011014,239
2011015,24
2011022,19
2011032,27
2011043,18
2011044,604
2011045,4
2011052,29
2011062,21
2011072,19
2011083,80
2011084,966
2011085,24
2011093,26
2011094,82
2011095,20
2011102,9
2012012,25
2012022,28
2012032,24
2012042,24
2012052,41
2012062,23
2012072,30
2012082,25
2012092,21
2013011,613
2013023,42
2013024,235
2013025,22
2013033,48
2013034,506
2013035,29
2013042,34
2013052,26
2013062,27
2013072,35
2013082,36
2013093,45
2013094,760
2013095,31
2013102,33
2014011,1153
2014022,31
2014032,27
2014042,34
2014052,29
2061011,2908
2062011,1915
2063011,1063
2201012,31
2201023,129
2201024,1930
2201025,45
2201032,20
2201042,25
2201052,17
2201063,41
2201064,1798
2201065,20
2201072,29
2201082,21
2201092,16
2201102,39
2202011,1884
2202023,37
2202024,1004
2202025,24
2202032,43
2202043,57
2202044,1017
2202045,32
2202052,22
2203011,1055
2203023,38
2203024,126
2203025,17
2203032,31
2203043,40
2203044,668
2203045,18
2203052,15
2203062,26
2203072,13
2204011,1917
2204022,56
2204032,220
2204042,224
2204052,46
2204062,198
2204072,50
2204082,69
2205012,100
2205023,165
2205024,1942
2205025,99
2205032,117
2205042,112
2205052,98
2205062,67
2205072,43
2205083,258
2205084,1422
2205085,224
2206011,1499
2206022,35
2206032,37
2206042,52
2206052,42
2206062,35
2206072,62
2206082,32
2207011,1779
2207022,44
2207032,55
2207043,66
2207044,1183
2207045,23
2207052,56
2207062,53
2208011,1965
2208021,214
2208032,41
2208042,51
2208052,28
2209011,2220
2209032,52
2209042,48
2209062,36
2209073,66
2209074,905
2209075,31
2209082,59
2210011,11
2210023,83
2210024,1945
2210025,37
2210032,53
2210042,57
2210052,32
2211011,140
2211023,363
2211024,529
2211025,192
2211031,2325
2211043,362
2211044,719
2211045,192
2211052,327
2211062,51
2211072,114
2212011,1492
2212022,36
2212032,32
2212042,28
2212053,31
2212054,582
2212055,19
2212062,54
2212072,30
2212082,71
2212092,13
2212102,38
2213013,113
2213014,278
2213015,21
2213021,993
2213031,1870
2213042,62
2213052,49
2213062,42
2213072,23
2213082,15
2213093,88
2213094,650
2213095,50
2213102,48
2213112,60
2213122,86
2213132,87
2214011,2655
2214023,79
2214024,1094
2214025,46
2214032,40
2214043,114
2214044,1719
2214045,62
2214052,71
2214062,90
2215011,798
2215021,1646
2215031,1819
2215042,30
2215052,42
2215062,54
2215072,151
2215082,52
2215092,105
2215102,140
2216013,70
2216014,1364
2216015,31
2216022,39
2216032,21
2216042,44
2216053,100
2216054,2135
2216055,48
2261011,1797
2262011,1813
2263011,2081
2264011,2042
2401011,1499
2401021,1895
2401031,694
2401042,235
2401052,154
2401062,266
2401073,109
2401074,143
2401075,91
2401081,189
2402011,146
2402022,315
2402032,577
2402043,684
2402044,1089
2402045,287
2402052,269
2402062,352
2402072,490
2402082,242
2402093,310
2402094,303
2402095,312
2402102,389
2403011,1188
2403021,271
2403031,100
2403042,119
2403052,310
2403062,137
2403072,200
2403082,224
2403092,144
2403103,422
2403104,1433
2403105,236
2403113,226
2403114,582
2403115,184
2403122,319
2404013,193
2404014,258
2404015,113
2404022,38
2404032,41
2404042,119
2404052,91
2404063,63
2404064,158
2404065,31
2404072,137
2404082,51
2404092,39
2404102,91
2404112,107
2404122,72
2404132,211
2404142,46
2404152,239
2404162,142
2405011,1113
2405021,597
2405032,322
2405042,174
2405052,67
2405063,76
2405064,165
2405065,67
2405073,94
2405074,368
2405075,64
2405082,50
2406013,155
2406014,269
2406015,90
2406023,114
2406024,158
2406025,91
2406032,63
2406042,67
2406052,93
2406062,92
2406072,57
2406082,66
2406092,120
2407011,264
2407022,60
2407032,55
2407042,79
2407052,87
2407062,91
2407072,56
2407083,75
2407084,61
2407085,93
2408011,1100
2408021,518
2408031,254
2408042,400
2408052,248
2409011,425
2409023,90
2409024,91
2409025,90
2409032,64
2409042,190
2409053,84
2409054,178
2409055,52
2410012,142
2410022,103
2410032,333
2410042,240
2410053,302
2410054,1143
2410055,178
2410062,166
2411011,723
2411022,197
2411033,120
2411034,693
2411035,80
2411042,160
2411053,92
2411054,166
2411055,67
2411062,130
2411072,101
2411082,70
2412013,366
2412014,741
2412015,182
2412022,497
2412032,551
2412042,169
2412052,519
2413011,112
2413021,109
2413031,1281
2413041,736
2413052,81
2413062,127
2413072,280
2413082,66
2413092,110
2414011,479
2414021,331
2414031,529
2414042,232
2414052,274
2415011,672
2415021,1410
2415031,1430
2415041,961
2415052,364
2415062,331
2415072,189
2415082,396
2415092,246
2416011,212
2416021,571
2416032,36
2416042,57
2416053,119
2416054,784
2416055,73
2416063,106
2416064,149
2416065,85
2416073,60
2416074,233
2416075,49
2416083,56
2416084,196
2416085,35
2416092,68
2416102,36
2417011,608
2417022,118
2417032,226
2417042,77
2417052,74
2417062,185
2417072,107
2417082,408
2417092,102
2417102,201
2417112,66
2417122,78
2417132,206
2417142,40
2417152,197
2461011,1363
2462011,2351
2463011,3214
2464011,1362
2465011,627
2466011,1322
2467011,1032
2468011,592
2469011,1765
2470011,1136
2471011,1368
2472011,1755
2473011,924
2474011,2599
2475011,2170
2476011,3690
2477011,1551
2478011,2126
2479011,972
2601013,136
2601014,1271
2601015,73
2601022,45
2601033,50
2601034,120
2601035,45
2601043,58
2601044,159
2601045,52
2601052,59
2601063,60
2601064,311
2601065,51
2601072,44
2601083,54
2601084,107
2601085,51
2602012,43
2602023,122
2602024,1303
2602025,60
2602033,79
2602034,379
2602035,57
2602042,41
2602052,50
2602063,85
2602064,803
2602065,44
2602072,39
2602082,59
2602092,39
2603012,69
2603022,53
2603033,115
2603034,1019
2603035,79
2603043,47
2603044,61
2603045,46
2603053,74
2603054,177
2603055,65
2604012,116
2604023,72
2604024,253
2604025,61
2604033,118
2604034,311
2604035,94
2604043,79
2604044,461
2604045,56
2604053,71
2604054,184
2604055,63
2604062,176
2604073,60
2604074,188
2604075,50
2604082,50
2604092,130
2604102,165
2604112,98
2604123,120
2604124,390
2604125,112
2604133,109
2604134,97
2604135,112
2604142,160
2604153,44
2604154,167
2604155,36
2604162,29
2604172,174
2604182,128
2604192,103
2605012,33
2605022,45
2605033,139
2605034,1067
2605035,69
2605043,60
2605044,180
2605045,44
2605052,28
2605062,31
2605072,61
2605083,71
2605084,509
2605085,49
2606012,50
2606022,62
2606032,63
2606043,102
2606044,681
2606045,50
2606053,58
2606054,571
2606055,35
2606062,48
2606072,31
2606082,46
2607011,1452
2607022,32
2607032,108
2607043,62
2607044,224
2607045,41
2607053,86
2607054,397
2607055,64
2607062,61
2608013,46
2608014,470
2608015,38
2608022,43
2608032,40
2608043,96
2608044,734
2608045,50
2608052,54
2609011,802
2609022,102
2609033,80
2609034,404
2609035,64
2609043,94
2609044,136
2609045,80
2609052,86
2609062,89
2609072,98
2609082,52
2609093,54
2609094,84
2609095,44
2610011,687
2610022,57
2610032,80
2610042,112
2610053,134
2610054,139
2610055,115
2611011,1497
2611022,67
2611032,74
2611042,111
2611053,82
2611054,170
2611055,61
2612012,62
2612022,48
2612033,72
2612034,180
2612035,47
2612043,59
2612044,113
2612045,51
2612053,156
2612054,459
2612055,64
2612062,51
2612073,112
2612074,541
2612075,54
2612083,43
2612084,68
2612085,38
2613012,38
2613022,55
2613032,36
2613042,28
2613052,29
2613063,75
2613064,323
2613065,42
2661011,1764
2801011,1949
2801021,1171
2801032,25
2801043,31
2801044,1078
2801045,19
2801052,16
2801063,25
2801064,407
2801065,17
2802011,1368
2802022,20
2802033,28
2802034,304
2802035,10
2802042,14
2802053,25
2802054,703
2802055,14
2802062,15
2802072,20
2803011,1844
2803022,36
2803032,69
2803043,55
2803044,1344
2803045,25
2803052,34
2803062,48
2804012,40
2804022,18
2804032,57
2804042,37
2804052,36
2804063,28
2804064,639
2804065,17
2804073,73
2804074,1139
2804075,28
2804082,28
2804093,31
2804094,1155
2804095,19
2805011,2941
2805022,31
2805032,23
2805042,31
2805052,19
2806011,2111
2806042,29
2806052,15
2806062,22
2806083,28
2806084,683
2806085,14
2806102,27
2807011,1518
2807021,616
2807032,31
2807043,34
2807044,618
2807045,23
2807052,45
2807063,49
2807064,829
2807065,28
2807073,26
2807074,259
2807075,19
2808011,2588
2808022,21
2808032,29
2808043,38
2808044,1029
2808045,22
2808053,42
2808054,1187
2808055,17
2808062,19
2809011,1079
2809022,22
2809032,18
2809042,24
2809053,48
2809054,898
2809055,14
2810011,1438
2810023,32
2810024,401
2810025,18
2810032,27
2810042,24
2810052,24
2811012,23
2811022,14
2811032,23
2811043,55
2811044,1975
2811045,20
2812011,942
2812022,39
2812032,40
2812042,61
2812052,60
2813032,20
2813043,82
2813044,1418
2813045,22
2813052,18
2813062,23
2814013,57
2814014,1640
2814015,34
2814023,65
2814024,2126
2814025,29
2814033,61
2814034,2060
2814035,23
2814042,76
2814052,39
2814063,36
2814064,919
2814065,21
2814072,44
2814082,17
2814093,37
2814094,974
2814095,17
2814102,27
2814112,50
2814122,24
2815011,2312
2815022,26
2815032,31
2815042,24
2815052,33
2815063,34
2815064,290
2815065,19
2815073,30
2815074,196
2815075,17
2815083,77
2815084,2203
2815085,34
2815092,40
2816013,27
2816014,1249
2816015,18
2816023,24
2816024,676
2816025,9
2816033,43
2816034,1888
2816035,14
2816043,22
2816044,260
2816045,10
2817011,2148
2817022,25
2817032,12
2817043,35
2817044,165
2817045,21
2817052,24
2817062,38
2817072,20
2817083,19
2817084,162
2817085,11
2818012,18
2818022,14
2818033,55
2818034,791
2818035,19
2819012,16
2819022,18
2819033,48
2819034,1024
2819035,16
2861011,1486
2862011,1939
3001011,1427
3001022,41
3001032,29
3001043,52
3001044,579
3001045,29
3001053,59
3001054,898
3001055,27
3002011,1029
3002022,33
3002032,35
3002043,50
3002044,1058
3002045,15
3002052,46
3002062,44
3002073,65
3002074,929
3002075,20
3002083,28
3002084,1291
3002085,15
3003011,1664
3003023,66
3003024,262
3003025,46
3003032,71
3003042,48
3003053,56
3003054,271
3003055,39
3003062,60
3003072,41
3003082,57
3003093,81
3003094,1393
3003095,39
3003103,73
3003104,927
3003105,33
3004013,58
3004014,397
3004015,41
3004023,205
3004024,1826
3004025,63
3004033,100
3004034,615
3004035,70
3004042,69
3004052,86
3004063,51
3004064,479
3004065,31
3004073,58
3004074,827
3004075,38
3005012,76
3005023,152
3005024,808
3005025,47
3005032,49
3005043,66
3005044,1074
3005045,48
3005053,64
3005054,1431
3005055,49
3006013,60
3006014,139
3006015,54
3006023,229
3006024,1601
3006025,107
3006032,88
3006043,60
3006044,976
3006045,48
3007012,63
3007022,46
3007032,54
3007042,92
3007052,85
3007062,68
3007072,44
3007083,103
3007084,416
3007085,75
3007093,90
3007094,1476
3007095,72
3007102,71
3007112,84
3008012,108
3008022,71
3008033,197
3008034,1783
3008035,90
3008042,69
3008052,50
3008062,39
3008072,66
3009011,1534
3009022,59
3009032,38
3009043,48
3009044,225
3009045,35
3009052,77
3009063,99
3009064,1474
3009065,51
3009072,77
3009082,66
3009092,55
3009102,70
3009113,53
3009114,544
3009115,33
3010013,122
3010014,1264
3010015,80
3010022,44
3010032,107
3010043,90
3010044,525
3010045,57
3010052,86
3010062,88
3010073,70
3010074,243
3010075,54
3010082,69
3010092,72
3010103,75
3010104,559
3010105,52
3010112,128
3010123,96
3010124,435
3010125,79
3010132,49
3010142,74
3011011,2632
3011023,81
3011024,1486
3011025,48
3011032,80
3011043,55
3011044,758
3011045,46
3011053,92
3011054,1061
3011055,64
3012011,97
3012023,72
3012024,662
3012025,45
3012033,86
3012034,1093
3012035,46
3012043,157
3012044,1273
3012045,50
3012052,65
3012063,89
3012064,717
3012065,40
3013012,73
3013022,83
3013033,72
3013034,503
3013035,56
3013043,73
3013044,1327
3013045,52
3013052,61
3013062,62
3013072,76
3014012,39
3014022,45
3014033,60
3014034,1501
3014035,26
3014043,43
3014044,423
3014045,14
3015012,51
3015023,49
3015024,928
3015025,34
3015032,18
3015043,146
3015044,2754
3015045,71
3015053,110
3015054,1487
3015055,48
3015063,77
3015064,1331
3015065,38
3016013,101
3016014,1268
3016015,50
3016023,85
3016024,990
3016025,35
3016032,47
3017011,1708
3017023,125
3017024,3003
3017025,88
3017033,108
3017034,1074
3017035,73
3017042,92
3017052,75
3017063,88
3017064,1034
3017065,74
3017072,59
3017082,35
3018012,35
3018022,54
3018033,63
3018034,741
3018035,48
3018042,47
3018052,49
3018063,69
3018064,719
3018065,49
3018073,127
3018074,1151
3018075,56
3019011,706
3019022,64
3019032,52
3019043,50
3019044,904
3019045,35
3019052,44
3019062,35
3019073,62
3019074,627
3019075,35
3019083,87
3019084,1245
3019085,56
3019093,53
3019094,542
3019095,33
3020013,64
3020014,257
3020015,45
3020022,50
3020033,69
3020034,158
3020035,51
3020042,42
3020052,80
3020063,164
3020064,1267
3020065,76
3021011,2370
3021021,584
3021033,140
3021034,2009
3021035,77
3021042,337
3021052,272
3021062,125
3021072,474
3021083,121
3021084,1215
3021085,62
3021093,166
3021094,1339
3021095,127
3021103,197
3021104,1056
3021105,124
3021113,98
3021114,1208
3021115,40
3021123,105
3021124,923
3021125,59
3021132,244
3021143,86
3021144,1037
3021145,54
3021152,160
3021163,513
3021164,3628
3021165,239
3021172,284
3022013,71
3022014,1246
3022015,48
3022023,61
3022024,1214
3022025,45
3022033,89
3022034,1020
3022035,60
3022042,63
3022053,226
3022054,2586
3022055,81
3023011,1317
3023022,58
3023032,39
3023042,49
3023052,29
3023062,64
3023072,72
3023083,56
3023084,844
3023085,38
3024011,638
3024022,59
3024032,69
3024042,41
3024053,58
3024054,1533
3024055,36
3024063,80
3024064,867
3024065,31
3024073,172
3024074,1691
3024075,70
3024083,63
3024084,1904
3024085,27
3025012,40
3025022,65
3025032,75
3025043,159
3025044,1080
3025045,50
3025052,65
3026012,51
3026023,47
3026024,250
3026025,37
3026033,57
3026034,1387
3026035,39
3026043,205
3026044,2359
3026045,67
3027011,1635
3027022,53
3027033,46
3027034,735
3027035,36
3027042,51
3027052,61
3027062,42
3027073,70
3027074,458
3027075,51
3027082,93
3027092,89
3028011,1436
3028022,51
3028033,43
3028034,250
3028035,28
3028042,44
3028053,49
3028054,398
3028055,29
3028062,67
3028072,35
3029012,63
3029022,62
3029033,122
3029034,2690
3029035,72
3030012,52
3030023,77
3030024,868
3030025,52
3030033,79
3030034,195
3030035,50
3030043,50
3030044,254
3030045,30
3030053,214
3030054,2435
3030055,79
3031011,1592
3031023,32
3031024,119
3031025,10
3031033,39
3031034,958
3031035,21
3031042,29
3031053,26
3031054,639
3031055,14
3031062,22
3031072,30
3031082,34
3061011,1428
3062011,881
3063011,1973
3064011,2031
3201011,931
3201022,23
3201033,64
3201034,624
3201035,25
3201043,19
3201044,628
3201045,12
3202012,20
3202023,87
3202024,1566
3202025,28
3202033,16
3202034,447
3202035,9
3202042,26
3202053,38
3202054,199
3202055,27
3202063,30
3202064,232
3202065,15
3203013,32
3203014,521
3203015,13
3203023,42
3203024,511
3203025,14
3203033,15
3203034,365
3203035,6
3203052,18
3203063,58
3203064,394
3203065,14
3204023,82
3204024,1866
3204025,33
3204033,42
3204034,604
3204035,26
3204043,72
3204044,1309
3204045,25
3204052,30
3204062,22
3204073,17
3204074,725
3204075,8
3205012,31
3205023,90
3205024,1307
3205025,30
3205032,30
3205043,36
3205044,947
3205045,21
3205072,90
3205083,71
3205084,966
3205085,28
3206012,30
3206023,23
3206024,896
3206025,15
3206033,41
3206034,586
3206035,20
3206043,125
3206044,1772
3206045,44
3206053,29
3206054,681
3206055,15
3206063,34
3206064,291
3206065,22
3206072,25
3206083,30
3206084,944
3206085,18
3206092,26
3207013,100
3207014,406
3207015,39
3207023,33
3207024,360
3207025,19
3207033,68
3207034,808
3207035,28
3207043,55
3207044,1028
3207045,10
3207052,30
3207063,37
3207064,328
3207065,23
3208011,1800
3208022,44
3208033,44
3208034,428
3208035,24
3208042,76
3208052,27
3208062,36
3208072,63
3209012,52
3209022,62
3209033,24
3209034,830
3209035,14
3209042,37
3209053,79
3209054,87
3209055,69
3209063,22
3209064,391
3209065,15
3209073,61
3209074,413
3209075,35
3209082,58
3210013,74
3210014,776
3210015,23
3210022,22
3210033,64
3210034,698
3210035,23
3210043,59
3210044,735
3210045,27
3210052,23
3211012,227
3211022,131
3211033,8
3211034,48
3211035,3
3211043,163
3211044,864
3211045,41
3212012,37
3212022,26
3212033,61
3212034,702
3212035,21
3212042,32
3212053,94
3212054,322
3212055,41
3212062,40
3213011,672
3213021,781
3213032,30
3213042,27
3213052,30
3213062,31
3214011,1406
3214023,36
3214024,851
3214025,17
3214033,35
3214034,415
3214035,20
3214042,32
3214053,22
3214054,253
3214055,10
3214062,48
3214082,30
3214092,33
3214102,44
3214113,32
3214114,403
3214115,22
3215011,822
3215023,33
3215024,489
3215025,19
3215033,20
3215034,172
3215035,12
3215043,20
3215044,278
3215045,10
3215052,23
3215062,18
3216011,685
3216022,25
3216033,44
3216034,1108
3216035,21
3216042,19
3216052,21
3216062,23
3217011,654
3217023,14
3217024,368
3217025,7
3217033,26
3217034,1267
3217035,11
3217043,20
3217044,208
3217045,12
3217052,22
3218013,38
3218014,969
3218015,18
3218023,61
3218024,783
3218025,18
3218032,20
3218043,28
3218044,924
3218045,13
3218053,27
3218054,405
3218055,16
3261011,1080
3262011,1325
3263011,203